MedInc,HouseAge,AveRooms,AveBedrms,Population,AveOccup,Latitude,Longitude,target
2.51,12.532,1.955,0.004,902.209,1.188,37.683,-115.056,5.0
2.226,1.771,4.938,0.348,3364.893,5.057,40.026,-118.72,5.0
1.386,18.116,6.979,0.449,1383.006,0.845,39.831,-120.567,5.0
10.736,23.287,6.766,0.073,1532.603,2.152,39.927,-119.842,5.0
5.293,9.245,3.199,0.056,2393.836,0.903,38.36,-116.667,5.0
4.647,9.533,3.943,0.102,1440.846,2.975,33.59,-116.051,5.0
4.327,25.525,3.149,0.017,1110.722,3.864,33.753,-119.418,5.0
4.02,37.635,3.944,0.285,2333.028,5.562,34.574,-121.842,5.0
3.457,7.825,5.931,0.403,898.866,1.364,40.647,-118.246,5.0
0.852,31.277,6.638,0.371,2539.49,2.419,36.579,-123.284,5.0
1.584,45.751,5.149,0.277,1359.406,2.486,38.098,-115.219,5.0
0.701,25.164,6.957,0.197,2571.512,2.178,40.446,-119.541,5.0
5.408,43.642,4.464,0.148,1503.27,2.144,37.001,-123.177,5.0
9.624,27.207,5.464,0.091,1008.288,4.949,37.912,-116.377,5.0
2.301,15.217,1.245,0.063,2224.642,2.313,34.912,-120.699,5.0
4.779,36.375,9.125,0.012,3511.798,2.534,33.562,-118.094,5.0
1.527,4.189,7.206,0.389,270.902,2.198,41.62,-123.551,5.0
2.968,36.948,7.876,0.049,1622.635,5.504,40.867,-115.532,5.0
1.567,50.928,6.644,0.399,1344.473,1.562,41.012,-119.221,5.0
4.16,41.717,3.379,0.226,1189.267,1.894,40.596,-114.599,5.0
3.495,6.632,7.138,0.104,2258.538,1.598,35.139,-115.024,5.0
3.136,45.692,5.653,0.25,1066.601,3.588,41.784,-118.695,5.0
0.86,11.364,10.927,0.062,3403.28,1.45,36.574,-120.927,5.0
4.772,48.246,3.855,0.673,1497.615,2.739,37.074,-122.244,5.0
4.874,22.392,4.701,0.173,2378.483,4.546,41.857,-122.434,5.0
3.052,26.532,6.007,0.435,3139.584,0.424,37.015,-117.841,5.0
10.951,41.157,2.765,0.034,930.035,5.092,34.158,-120.157,5.0
8.255,21.547,5.445,0.031,1840.392,2.189,40.266,-121.779,5.0
3.634,29.222,6.726,0.025,1714.836,1.596,36.906,-120.263,5.0
8.864,26.046,11.172,0.257,634.841,0.419,37.664,-117.561,5.0
3.232,10.987,4.455,0.019,2142.603,1.999,34.462,-121.689,5.0
3.833,31.481,7.312,0.146,2078.09,3.178,41.284,-121.647,5.0
0.667,35.321,3.345,0.225,2049.869,3.823,34.278,-123.394,3.122
7.66,16.269,4.388,0.036,3219.611,3.98,38.699,-117.665,5.0
0.174,6.375,6.355,0.181,1032.044,0.8,40.585,-119.859,2.758
0.428,37.923,6.942,0.175,1087.244,0.922,36.428,-116.452,4.11
1.338,35.942,1.099,0.191,458.988,4.99,34.019,-119.117,4.945
2.188,45.041,1.112,0.415,1129.591,1.802,41.26,-116.564,5.0
6.881,8.285,5.189,0.015,1923.98,1.996,38.021,-122.127,5.0
1.915,20.661,6.696,0.583,605.392,3.254,41.565,-119.249,5.0
14.803,21.631,7.179,0.405,2580.352,0.952,35.33,-121.192,5.0
4.039,40.43,3.64,0.538,390.436,1.39,33.535,-116.281,5.0
2.947,4.197,4.058,0.167,2207.36,0.728,40.375,-123.417,5.0
7.436,20.943,5.185,0.305,2548.511,6.65,35.367,-117.174,5.0
1.898,29.178,4.144,0.178,2782.012,1.636,38.458,-114.399,5.0
1.248,17.396,3.112,0.141,2010.742,6.594,34.627,-115.168,5.0
3.195,25.086,6.236,0.048,3593.117,2.905,41.728,-122.381,5.0
3.871,7.967,8.934,0.423,1343.541,2.221,41.109,-117.682,5.0
2.795,47.83,5.936,0.094,3077.993,2.188,37.935,-115.229,5.0
2.008,4.264,4.698,0.298,1395.765,0.374,37.869,-122.291,5.0
4.776,46.827,11.149,0.29,1857.745,4.751,36.992,-115.485,5.0
4.993,45.442,8.242,0.059,411.725,9.038,38.482,-117.648,5.0
4.343,19.822,4.978,0.109,2106.721,7.297,34.669,-118.487,5.0
1.741,38.178,4.926,0.038,1659.289,4.651,35.727,-116.654,5.0
1.375,23.069,6.783,0.253,2569.48,2.119,39.239,-120.047,5.0
2.362,8.512,4.604,0.414,1947.229,3.299,41.325,-119.399,5.0
0.764,34.525,11.658,0.231,547.553,5.594,39.055,-122.41,5.0
3.242,31.794,3.589,0.123,1364.521,2.518,38.261,-122.995,5.0
2.784,30.174,3.367,0.486,572.786,1.763,39.321,-115.506,5.0
5.94,6.806,9.707,0.011,1390.322,2.303,38.6,-119.452,5.0
4.696,43.062,7.774,0.165,3234.996,2.697,36.755,-122.44,5.0
6.759,1.895,5.281,0.003,2247.179,4.22,38.958,-120.422,5.0
4.787,25.584,5.565,0.005,1056.46,2.583,38.796,-120.383,5.0
9.477,37.175,5.614,0.026,1941.803,0.875,41.951,-116.129,5.0
1.602,49.837,6.168,0.14,2670.682,1.577,40.548,-124.024,5.0
2.657,1.4,3.173,0.027,521.92,3.652,41.152,-124.011,5.0
0.818,12.663,5.965,0.044,3087.341,5.54,37.922,-116.959,5.0
12.18,41.316,9.945,0.482,1408.192,2.479,33.877,-116.401,5.0
9.138,11.668,5.515,0.128,1880.968,3.52,40.241,-115.13,5.0
2.502,37.656,5.0,0.028,1597.238,3.463,38.315,-117.35,5.0
4.713,30.692,4.524,0.335,1535.619,5.578,41.548,-118.342,5.0
3.286,30.441,6.548,0.254,3972.781,2.307,36.487,-115.994,5.0
6.972,44.8,2.701,0.18,1142.774,3.091,41.599,-118.858,5.0
3.517,29.443,6.965,0.515,1580.263,1.289,34.703,-122.897,5.0
3.79,41.631,2.745,0.371,969.954,1.49,36.281,-115.48,5.0
5.728,15.912,8.354,0.161,1003.895,3.463,35.438,-121.752,5.0
4.551,35.356,8.631,0.11,741.886,2.171,38.443,-122.603,5.0
7.697,37.374,4.3,0.349,3278.336,1.931,40.196,-114.842,5.0
6.876,21.123,4.252,0.089,6325.033,1.857,38.839,-118.16,5.0
4.418,13.343,4.97,0.066,2415.285,7.395,32.536,-119.185,5.0
2.055,25.635,6.535,0.126,615.971,2.377,34.694,-122.165,5.0
2.246,20.77,10.121,0.118,1252.969,1.919,41.994,-115.899,5.0
1.829,49.028,6.499,0.484,2587.215,1.411,40.448,-117.95,5.0
11.415,49.711,10.507,0.339,619.693,4.534,35.968,-115.978,5.0
2.557,35.097,9.803,0.344,755.086,4.049,34.863,-119.871,5.0
2.883,43.256,4.48,0.011,1841.761,3.966,33.677,-116.091,5.0
0.861,50.684,6.674,0.015,1315.923,5.061,32.923,-116.649,5.0
0.485,32.686,5.363,0.099,2488.573,2.9,39.323,-123.161,3.813
6.167,12.527,3.327,0.643,1065.113,1.719,37.1,-123.089,5.0
0.983,22.687,4.412,0.15,1970.318,1.903,32.597,-121.309,5.0
4.421,26.531,6.094,0.284,2732.456,4.332,37.076,-120.181,5.0
2.043,6.197,6.834,0.047,1275.356,1.489,33.45,-116.994,5.0
8.078,51.656,5.838,0.157,1087.375,1.925,41.52,-122.49,5.0
3.794,7.403,9.128,0.172,969.556,4.001,33.327,-123.203,5.0
10.887,10.887,9.545,0.027,846.34,0.57,33.916,-122.489,5.0
3.596,42.949,5.434,0.053,1917.914,1.893,34.758,-122.578,5.0
6.237,32.794,4.485,0.122,3889.283,2.871,40.922,-115.476,5.0
4.283,43.806,8.32,0.497,1489.814,2.123,38.232,-115.999,5.0
0.719,7.273,3.82,0.086,1595.229,1.398,37.526,-116.582,4.201
4.256,4.621,7.253,0.16,828.709,2.087,39.249,-119.21,5.0
2.988,37.417,10.676,0.166,1074.87,4.104,37.555,-123.367,5.0
3.403,6.192,7.481,0.282,983.816,4.729,37.91,-117.318,5.0
2.812,20.714,3.42,0.201,1683.993,1.927,36.032,-123.798,5.0
3.268,34.387,6.321,0.011,1030.658,1.682,34.863,-118.167,5.0
15.041,51.038,5.523,0.023,3751.675,2.237,41.987,-118.267,5.0
1.425,41.978,4.145,0.054,625.605,1.592,40.955,-122.485,5.0
0.626,22.242,4.135,0.057,1991.424,2.564,39.687,-118.383,3.417
3.509,21.893,4.602,0.694,1062.826,7.016,34.465,-116.023,5.0
7.087,22.01,6.042,0.014,952.99,2.097,40.12,-118.876,5.0
3.275,9.453,5.429,0.017,1201.415,3.59,38.357,-115.233,5.0
6.804,34.074,5.735,0.207,2597.24,2.606,36.186,-117.72,5.0
2.88,1.864,5.016,0.207,2521.769,2.444,35.223,-123.082,5.0
1.845,20.602,6.89,0.038,2359.757,0.644,41.829,-119.803,5.0
0.092,28.318,2.449,0.081,2834.657,3.89,34.164,-123.384,1.714
1.496,35.813,6.788,0.253,1313.827,2.061,35.418,-119.614,5.0
1.374,30.437,4.588,0.342,3286.374,2.942,34.274,-119.569,5.0
2.597,3.644,4.782,0.405,1134.192,4.383,40.635,-122.247,5.0
4.897,6.17,4.875,0.09,893.867,2.917,36.466,-115.822,5.0
2.055,13.339,6.87,0.117,2932.558,5.301,41.098,-120.051,5.0
1.833,26.444,6.533,0.166,1184.714,4.948,33.059,-117.904,5.0
4.848,26.778,5.028,0.034,438.765,1.084,40.857,-121.382,5.0
2.709,12.197,2.753,0.321,1100.416,5.709,39.71,-120.428,5.0
9.47,25.74,1.688,0.286,1264.92,4.552,32.642,-118.193,5.0
7.549,47.21,5.289,0.25,866.718,1.32,40.13,-118.067,5.0
2.685,40.215,6.217,0.026,1538.579,0.88,36.287,-114.508,5.0
6.132,44.25,5.791,0.077,1817.516,1.585,35.681,-118.149,5.0
9.574,14.226,1.32,0.03,4100.759,4.364,38.22,-120.103,5.0
2.001,13.796,6.569,0.015,1419.345,0.369,33.388,-122.601,5.0
3.244,4.35,4.427,0.19,4677.957,2.573,37.392,-117.345,5.0
6.453,2.989,10.768,0.281,787.025,2.056,35.752,-121.376,5.0
2.786,50.905,7.373,0.505,1714.849,3.819,41.236,-120.125,5.0
1.941,39.709,6.865,0.246,3341.769,1.58,34.785,-124.275,5.0
5.109,32.456,2.253,0.388,1848.815,4.68,41.316,-117.408,5.0
7.094,4.727,3.976,0.123,1794.987,2.243,37.956,-115.941,5.0
9.905,46.011,6.021,0.055,2026.52,2.033,38.897,-120.794,5.0
5.162,33.671,9.87,0.247,2738.762,8.888,34.75,-116.822,5.0
9.225,36.016,2.161,0.016,1156.609,4.58,39.676,-116.673,5.0
1.262,33.937,3.107,0.007,740.889,3.779,41.36,-118.194,5.0
12.619,25.322,7.441,0.122,1221.845,2.392,37.574,-116.845,5.0
3.628,15.968,7.411,0.008,1136.478,2.658,39.088,-114.42,5.0
2.934,33.441,6.281,0.084,2260.971,1.738,33.123,-123.547,5.0
6.767,32.003,4.241,0.251,1598.167,1.889,34.464,-114.887,5.0
3.654,49.83,4.634,0.095,1580.993,4.158,39.036,-122.737,5.0
2.751,1.749,8.587,0.333,2158.472,1.731,40.216,-121.406,5.0
2.404,31.943,4.008,0.046,2228.016,2.672,32.544,-114.898,5.0
3.448,12.984,10.424,0.362,2345.258,2.393,40.948,-120.192,5.0
6.173,48.997,2.366,0.694,3788.46,1.209,35.648,-118.2,5.0
1.636,7.663,8.018,0.303,802.953,3.845,41.49,-122.741,5.0
3.166,48.236,7.332,0.383,1866.861,0.98,35.156,-118.385,5.0
1.391,9.515,7.668,0.104,4392.469,2.588,35.739,-117.751,5.0
2.055,3.771,6.823,0.119,1783.522,7.183,34.547,-117.498,5.0
3.187,51.228,4.383,0.019,5081.266,1.764,37.03,-119.489,5.0
2.635,19.076,4.595,0.347,1311.22,5.011,41.34,-120.684,5.0
10.903,27.032,5.305,0.062,1034.07,5.358,39.042,-119.404,5.0
2.659,2.837,2.987,0.022,1511.286,1.631,33.707,-118.603,5.0
2.421,19.068,8.899,0.018,1302.892,4.436,40.794,-123.755,5.0
8.022,9.23,5.358,0.05,2284.505,4.358,34.823,-120.739,5.0
6.254,28.313,6.926,0.594,2801.547,3.967,37.344,-118.432,5.0
1.308,31.778,6.287,0.104,742.674,1.932,36.439,-114.317,5.0
1.651,7.172,6.502,0.365,2262.776,3.953,32.736,-120.782,5.0
2.836,27.068,4.733,0.089,3544.776,2.333,34.235,-120.806,5.0
2.396,32.138,6.067,0.601,2648.356,8.483,39.76,-114.855,5.0
2.712,10.493,4.104,0.272,1629.086,2.798,33.586,-120.581,5.0
1.827,16.449,8.728,0.412,1160.23,2.765,40.071,-123.985,5.0
3.389,1.462,2.738,0.123,1478.802,8.163,41.212,-123.948,5.0
7.08,39.467,6.487,0.591,1372.105,1.638,33.76,-117.56,5.0
4.592,26.375,5.684,0.013,1292.633,2.806,32.553,-123.387,5.0
1.331,33.353,6.239,0.415,1339.039,7.774,39.835,-119.151,5.0
0.662,31.551,7.649,0.067,3447.712,4.413,33.236,-118.963,4.361
2.227,23.917,9.42,0.122,1208.434,0.825,36.295,-116.131,5.0
5.269,14.842,1.181,0.354,1448.516,4.187,33.767,-122.123,5.0
2.812,4.443,6.748,0.542,1975.016,3.217,36.584,-116.437,5.0
2.142,42.155,5.792,0.55,3727.398,10.448,36.632,-116.66,5.0
0.586,32.294,4.14,0.37,1741.536,4.146,33.438,-114.58,2.989
6.491,36.985,4.069,0.304,430.231,3.897,41.01,-118.965,5.0
1.829,9.315,4.216,0.255,2167.904,2.021,38.14,-118.584,5.0
3.038,5.261,4.509,0.303,1037.092,3.237,33.802,-122.602,5.0
3.851,50.843,3.514,0.095,1102.765,2.905,34.588,-116.768,5.0
10.23,38.631,5.808,0.856,2540.058,1.175,40.476,-114.313,5.0
0.542,39.425,4.382,0.012,1676.796,3.176,37.307,-114.589,3.931
3.152,38.197,2.389,0.031,2587.089,0.592,39.291,-122.938,5.0
5.614,39.168,7.646,0.688,704.502,3.779,35.547,-115.038,5.0
1.392,14.545,4.367,0.031,3212.431,5.647,41.216,-118.884,5.0
2.57,16.514,17.423,0.325,1888.198,0.564,40.651,-116.677,5.0
2.707,11.812,7.403,0.264,2736.515,0.478,37.777,-118.139,5.0
6.569,27.416,3.341,0.219,3276.932,8.524,34.882,-115.149,5.0
1.688,16.646,7.532,0.12,1548.243,4.733,34.112,-118.77,5.0
4.844,50.165,7.926,0.23,1933.587,5.032,34.397,-116.649,5.0
1.474,34.986,3.625,0.248,1573.921,2.077,40.485,-114.475,5.0
3.455,39.623,5.424,0.06,3050.826,3.212,35.441,-121.357,5.0
1.621,21.787,5.505,0.197,653.641,4.746,41.256,-115.891,5.0
3.503,15.17,4.019,0.149,3563.534,2.397,39.166,-115.661,5.0
2.061,40.799,6.793,0.155,1537.051,4.174,40.233,-115.353,5.0
3.867,3.29,3.112,0.063,1974.111,2.549,41.969,-116.327,5.0
1.19,6.374,11.543,0.067,3207.139,4.901,38.183,-114.404,5.0
4.379,49.967,3.306,0.119,1326.135,5.375,41.102,-123.783,5.0
4.007,25.654,5.872,0.038,1270.095,0.716,33.55,-116.188,5.0
1.034,21.619,6.146,0.477,702.981,1.028,40.562,-118.44,5.0
4.459,13.588,3.425,0.12,1790.346,1.258,37.798,-122.102,5.0
2.259,31.025,9.05,0.267,1307.875,3.398,39.636,-122.847,5.0
3.522,26.185,10.634,0.195,888.35,2.462,35.072,-116.645,5.0
3.491,47.025,6.588,0.042,2660.047,9.995,39.175,-120.945,5.0
1.28,32.47,9.731,0.123,3183.089,4.012,41.781,-118.245,5.0
3.917,4.92,9.032,0.181,1710.817,6.608,32.574,-121.627,5.0
3.49,30.663,4.29,0.126,1476.853,1.203,37.015,-122.573,5.0
1.994,11.149,10.138,0.092,1597.205,5.004,33.118,-115.437,5.0
2.941,4.855,2.015,0.273,791.496,3.318,36.926,-117.98,5.0
3.014,15.331,7.172,0.414,2608.557,2.258,41.339,-120.983,5.0
4.616,43.516,4.221,0.022,1133.572,2.686,41.54,-121.161,5.0
3.947,4.629,6.512,0.034,3427.987,0.888,34.548,-123.756,5.0
0.679,36.979,4.068,0.179,2119.703,2.974,40.622,-114.767,4.404
4.537,15.792,2.828,0.212,1426.216,2.081,38.473,-118.451,5.0
6.512,19.093,5.105,0.021,907.874,5.16,32.918,-114.468,5.0
1.71,20.787,4.838,0.119,552.665,6.098,39.218,-124.186,5.0
3.065,49.332,7.481,1.116,1348.096,2.173,37.536,-119.64,5.0
1.066,5.661,2.225,0.018,2090.829,3.712,33.518,-115.091,5.0
4.256,28.769,6.353,0.137,3515.158,1.925,41.935,-123.772,5.0
5.421,8.181,5.324,0.108,1034.008,3.068,41.713,-121.513,5.0
6.565,19.833,4.924,0.198,1617.175,2.275,39.688,-120.03,5.0
0.621,26.331,4.82,0.107,4025.87,5.532,39.021,-122.933,3.739
6.38,19.757,6.51,0.192,1243.169,3.809,37.338,-118.244,5.0
3.46,30.879,5.457,0.146,1734.66,2.549,41.867,-121.295,5.0
1.615,32.864,5.578,0.001,2484.847,1.573,33.457,-122.803,5.0
7.662,37.896,8.564,0.057,1481.711,1.831,36.752,-123.676,5.0
2.379,1.195,6.985,0.323,2033.902,1.125,36.197,-115.769,5.0
2.877,1.08,3.696,0.008,2930.372,4.124,35.607,-122.684,5.0
0.981,23.135,3.619,0.184,1481.901,2.545,38.415,-121.068,5.0
7.257,52.0,8.29,1.07,496.0,2.8,37.85,-122.24,3.521
5.31,38.172,6.23,0.473,2568.474,4.057,36.911,-122.792,5.0
6.794,33.268,2.567,0.301,2306.971,3.198,35.429,-116.233,5.0
1.928,16.698,2.293,0.015,1458.912,3.027,41.547,-116.335,5.0
7.567,12.34,4.646,0.295,4377.253,1.166,38.764,-119.683,5.0
5.249,20.243,3.689,0.157,2585.61,1.613,37.687,-123.558,5.0
3.447,44.604,4.758,0.621,2064.646,0.49,33.811,-124.281,5.0
3.823,47.642,6.358,0.441,2306.846,5.672,36.178,-116.15,5.0
2.065,9.936,6.545,0.106,1353.787,7.846,33.487,-121.239,5.0
3.868,45.585,6.842,0.528,2200.484,3.171,41.102,-115.397,5.0
1.07,18.606,7.496,0.111,1937.867,6.248,32.792,-123.242,5.0
1.652,46.548,7.224,0.063,2645.541,2.188,34.394,-115.291,5.0
3.482,39.298,6.642,0.331,2345.221,3.352,38.971,-123.91,5.0
5.951,12.615,5.394,0.782,2995.727,1.293,36.286,-117.703,5.0
2.142,30.047,9.098,0.055,2157.325,3.252,38.482,-117.611,5.0
5.643,52.0,5.82,1.07,558.0,2.55,37.85,-122.25,3.413
6.538,49.146,7.332,0.074,2092.414,5.656,35.102,-121.773,5.0
2.088,1.617,13.994,0.046,1157.685,4.21,39.428,-122.571,5.0
2.906,14.532,4.45,0.091,1726.645,11.148,41.672,-121.426,5.0
2.916,25.187,7.547,0.063,2810.207,4.588,39.747,-114.922,5.0
5.807,31.655,5.191,0.193,1582.616,1.476,36.08,-118.689,5.0
0.615,17.91,9.007,0.257,2926.856,2.223,37.567,-124.017,5.0
3.265,7.148,2.946,0.041,1910.579,5.123,36.524,-119.445,5.0
8.426,16.047,5.675,0.01,1046.849,0.591,33.551,-123.187,5.0
2.417,27.594,2.329,0.673,2063.109,1.444,32.85,-120.931,5.0
7.24,1.597,4.546,0.367,3076.792,2.838,40.062,-118.151,5.0
3.641,16.026,1.567,0.108,865.855,4.725,40.871,-120.188,5.0
2.612,6.778,4.332,0.006,2719.659,4.552,34.43,-114.339,5.0
3.865,7.131,4.893,0.009,1997.568,4.045,38.648,-123.951,5.0
9.534,17.664,11.335,0.215,2824.352,5.986,38.645,-114.561,5.0
2.92,47.303,10.497,0.16,2065.629,5.073,33.873,-123.357,5.0
2.171,40.847,4.492,0.388,3173.153,3.158,39.965,-117.808,5.0
1.968,42.656,7.0,0.015,2938.758,3.741,41.924,-116.384,5.0
4.037,52.0,4.76,1.1,413.0,2.2,37.85,-122.25,2.697
2.456,20.334,10.978,0.102,2555.274,4.643,38.952,-117.676,5.0
2.333,30.493,6.742,0.021,897.321,2.572,35.553,-123.483,5.0
3.833,15.044,10.957,0.046,2327.412,2.547,39.846,-123.166,5.0
3.512,35.524,3.297,0.132,465.524,1.219,36.341,-114.794,5.0
10.907,39.813,9.192,0.146,2366.395,5.929,34.024,-114.735,5.0
2.138,23.57,4.604,0.567,1756.808,5.052,36.675,-118.811,5.0
3.192,5.519,10.881,0.118,1161.396,1.952,36.451,-122.872,5.0
4.193,27.586,5.108,0.032,1104.02,2.67,35.123,-114.627,5.0
1.249,19.65,4.207,0.158,1872.796,2.863,41.084,-121.6,5.0
1.043,38.457,8.971,0.125,1505.038,2.677,38.871,-122.804,5.0
5.521,6.885,4.364,0.091,2122.667,0.624,36.812,-123.866,5.0
1.943,15.01,5.162,0.337,1835.227,7.136,40.301,-117.516,5.0
5.224,8.877,3.53,0.075,1944.761,2.73,38.905,-123.906,5.0
2.133,33.202,9.096,0.005,1886.5,2.304,39.72,-122.24,5.0
4.846,1.452,2.279,0.019,1944.057,1.438,35.567,-118.945,5.0
5.966,41.236,7.538,0.082,1937.905,3.901,41.433,-116.256,5.0
2.685,43.0,4.29,1.05,2138.0,2.33,34.02,-118.33,1.487
4.242,28.203,3.802,0.32,3830.668,1.42,35.95,-119.63,5.0
3.084,40.972,8.425,0.086,2592.302,1.448,36.281,-116.464,5.0
4.174,8.249,11.708,0.177,1597.856,2.464,36.681,-121.587,5.0
4.954,13.318,6.578,0.002,3979.773,2.611,34.183,-122.659,5.0
8.457,46.397,10.352,0.204,2082.686,5.846,37.113,-115.153,5.0
0.997,22.245,6.431,0.18,1473.687,5.029,34.602,-120.539,5.0
10.651,25.319,11.453,0.14,2024.783,3.339,40.267,-119.787,5.0
0.845,21.66,10.57,0.266,1285.469,1.93,35.314,-115.972,5.0
3.969,20.142,7.726,0.058,1667.013,1.995,38.103,-119.662,5.0
1.648,42.52,2.697,0.042,1652.479,3.799,40.18,-114.487,5.0
8.88,36.83,2.083,0.834,2130.773,1.925,35.685,-115.66,5.0
9.29,13.614,6.491,0.046,1118.094,0.437,34.06,-117.012,5.0
4.792,6.572,6.382,0.181,765.501,3.499,36.776,-116.791,5.0
3.124,30.807,8.616,0.141,2317.148,6.51,40.916,-116.906,5.0
4.11,16.201,3.481,0.22,1614.57,4.297,32.899,-121.086,5.0
2.102,42.06,8.856,0.076,2682.334,5.373,38.716,-114.557,5.0
3.271,13.513,4.703,0.23,1164.862,0.936,41.805,-122.291,5.0
3.819,28.586,7.594,0.034,2981.427,3.863,35.041,-123.387,5.0
5.58,33.852,3.174,0.023,5830.007,4.83,36.125,-119.137,5.0
2.786,21.278,6.576,0.043,2736.196,3.342,34.825,-123.74,5.0
3.325,38.634,5.346,0.044,613.908,1.47,40.763,-114.644,5.0
3.019,24.343,4.094,0.3,878.183,0.514,40.618,-118.259,5.0
2.518,42.0,4.9,1.17,1206.0,1.9,34.06,-118.22,1.205
4.815,15.709,5.135,0.037,2919.718,1.748,33.603,-118.043,5.0
5.517,12.326,4.049,0.087,1407.677,2.819,41.316,-116.16,5.0
4.654,35.686,10.387,0.055,1776.81,2.932,40.54,-117.233,5.0
1.718,23.831,12.093,0.18,2357.752,1.5,40.904,-118.921,5.0
6.336,49.473,2.73,0.324,4265.511,1.396,35.414,-118.015,5.0
1.887,32.806,2.035,0.057,1812.487,3.931,34.045,-120.915,5.0
4.557,29.768,12.081,0.309,1556.166,1.522,34.901,-117.181,5.0
6.911,15.816,6.392,0.311,4810.165,2.0,33.178,-121.897,5.0
5.041,45.205,11.491,0.541,970.747,4.603,39.246,-122.122,5.0
8.024,27.262,2.12,0.005,1133.383,2.838,35.094,-122.374,5.0
2.628,2.285,8.508,0.082,1755.704,4.79,33.099,-121.515,5.0
5.681,33.522,4.792,0.271,1264.186,2.614,33.847,-122.463,5.0
3.839,34.997,9.616,0.004,1143.071,0.569,37.274,-120.325,5.0
6.22,30.585,7.629,0.023,2945.838,2.045,39.232,-119.619,5.0
1.714,29.188,5.169,0.203,1538.391,2.528,40.186,-119.099,5.0
2.082,25.688,5.492,0.146,2176.31,1.997,38.734,-118.723,5.0
4.415,49.079,4.757,0.341,2496.94,1.567,36.087,-116.093,5.0
12.556,44.552,5.38,0.023,1805.503,3.79,39.571,-123.661,5.0
2.343,20.779,4.491,0.172,2743.836,1.912,32.63,-122.505,5.0
5.922,33.728,8.274,0.096,3277.269,2.414,41.009,-115.56,5.0
0.818,15.575,3.695,0.014,1730.015,1.326,39.807,-116.552,4.317
14.596,4.389,7.29,0.041,1640.718,2.564,41.456,-123.476,5.0
5.414,6.923,6.199,0.058,1376.348,3.087,36.852,-119.389,5.0
0.869,7.269,6.918,0.002,2169.546,6.766,34.156,-115.531,5.0
1.59,37.436,2.41,0.32,1449.807,3.119,34.036,-123.745,5.0
4.386,3.389,3.074,1.087,2176.742,0.865,38.294,-122.174,5.0
6.68,26.953,5.316,0.022,477.046,4.104,34.605,-114.686,5.0
0.788,23.125,6.119,0.152,2036.771,3.368,36.449,-120.941,4.907
2.046,44.995,4.112,0.797,1294.896,2.173,39.702,-122.125,5.0
2.897,13.341,11.634,0.135,2442.479,1.867,38.283,-121.964,5.0
1.167,8.168,11.244,0.032,3454.888,2.774,34.83,-114.401,5.0
8.623,7.044,3.939,0.576,1119.652,3.226,33.513,-116.755,5.0
5.689,37.412,5.053,0.264,2134.548,3.806,40.759,-121.411,5.0
1.084,23.033,1.669,0.063,1555.678,1.031,39.91,-118.556,4.383
2.101,9.453,9.649,0.377,5704.589,2.295,36.328,-122.259,5.0
8.325,41.0,6.98,1.02,322.0,2.55,37.88,-122.23,4.526
0.65,8.287,5.407,0.054,2299.359,3.792,38.885,-121.341,3.811
3.422,41.8,5.65,0.072,1965.838,2.369,32.641,-114.702,5.0
2.748,2.488,9.399,0.136,4307.219,6.218,33.354,-122.93,5.0
6.623,46.033,2.303,0.58,1391.651,0.689,33.75,-115.806,5.0
3.86,29.819,3.411,0.299,1978.469,0.935,41.502,-119.087,5.0
1.738,17.955,11.331,0.306,2912.004,1.533,37.243,-114.515,5.0
2.327,24.406,4.375,0.231,1226.784,4.771,32.859,-123.197,5.0
1.387,14.783,6.01,0.021,963.89,4.434,38.228,-119.983,5.0
3.149,16.872,4.853,0.054,2278.418,2.738,33.581,-117.229,5.0
3.517,29.595,7.194,0.137,2333.052,1.061,38.276,-124.257,5.0
0.58,50.777,3.558,0.154,2523.861,3.609,36.715,-116.186,3.204
1.933,21.816,7.799,0.127,639.07,2.998,38.945,-114.567,5.0
8.293,41.254,7.786,0.154,2569.824,4.708,37.862,-121.543,5.0
1.478,18.502,6.521,0.064,1630.187,2.114,36.894,-120.963,5.0
6.009,46.434,5.506,0.129,1854.805,3.01,34.272,-114.323,5.0
1.97,21.491,6.488,0.198,1498.591,4.769,32.763,-122.354,5.0
1.677,42.22,6.22,0.153,2694.036,1.193,41.448,-122.796,5.0
3.81,15.749,6.267,0.008,3911.19,3.04,35.633,-120.227,5.0
4.054,19.458,9.455,0.01,1285.494,3.687,38.845,-117.475,5.0
1.737,48.391,7.957,0.048,3429.926,1.284,39.965,-121.855,5.0
3.746,24.154,5.393,0.139,2763.795,2.5,39.733,-120.408,5.0
2.866,19.249,8.548,0.287,867.49,3.037,32.668,-117.35,5.0
1.425,9.179,12.667,0.097,1318.725,0.972,38.019,-121.571,5.0
5.056,1.007,5.44,0.197,2445.837,1.486,39.178,-117.485,5.0
0.463,39.567,11.515,0.069,1921.939,2.647,37.761,-114.416,5.0
8.511,23.074,1.987,0.153,2179.812,3.373,33.452,-120.19,5.0
4.113,36.424,5.685,0.162,1596.425,2.846,35.26,-122.343,5.0
1.474,6.373,8.313,0.33,2835.162,2.501,39.556,-121.003,5.0
6.862,2.404,6.657,0.053,831.621,2.931,32.578,-120.121,5.0
2.315,49.523,11.589,0.037,1731.735,3.367,34.768,-116.293,5.0
1.82,39.857,3.717,0.031,1776.45,7.395,36.916,-120.788,5.0
3.299,5.442,5.869,0.242,2674.708,0.69,38.202,-123.92,5.0
0.926,32.431,3.982,0.053,1220.225,1.178,36.552,-114.605,4.861
5.906,50.165,6.193,0.848,2277.567,1.373,34.114,-121.064,5.0
1.36,29.401,3.65,0.373,1658.255,2.166,34.267,-122.564,5.0
1.305,37.344,4.13,0.047,529.502,2.245,32.554,-122.556,5.0
0.836,10.926,4.558,0.028,2157.056,2.797,36.822,-122.418,5.0
6.438,1.924,2.07,0.042,949.644,2.099,33.579,-120.18,5.0
5.314,2.579,8.247,0.074,2714.815,1.813,36.683,-123.486,5.0
4.675,50.287,1.958,0.037,1294.908,2.315,38.001,-114.607,5.0
3.659,52.0,4.29,1.12,1094.0,2.13,37.84,-122.25,2.992
1.03,4.595,6.317,1.152,366.738,2.016,39.401,-120.04,5.0
8.67,4.172,3.958,0.25,1545.619,2.168,36.475,-116.918,5.0
4.489,47.578,8.536,0.158,1312.833,2.899,36.314,-123.566,5.0
3.946,29.666,4.803,0.283,693.429,2.322,39.895,-120.294,5.0
8.409,15.406,3.696,0.203,5019.577,0.667,34.484,-121.028,5.0
0.954,1.975,4.738,0.495,1265.153,0.652,32.922,-116.743,5.0
2.257,24.385,10.485,0.07,723.192,1.223,39.442,-119.602,5.0
1.295,6.401,5.481,0.507,1113.265,3.164,35.088,-122.141,5.0
4.296,23.864,6.5,0.048,2107.454,3.214,38.248,-119.292,5.0
4.238,51.018,2.225,0.094,1505.404,3.904,35.82,-121.484,5.0
2.168,24.969,6.009,0.053,2025.759,6.205,39.725,-120.712,5.0
4.395,9.021,6.051,0.159,2839.283,4.794,33.272,-120.899,5.0
3.486,36.102,4.284,0.486,1855.632,2.901,34.994,-119.422,5.0
8.012,18.015,12.05,0.25,1925.334,1.144,33.729,-117.141,5.0
1.267,22.383,2.673,0.187,1853.602,3.811,35.105,-118.165,5.0
4.191,30.038,6.564,0.443,1409.239,2.039,39.433,-114.734,5.0
2.435,21.962,2.936,0.088,2470.127,3.206,38.581,-119.962,5.0
7.371,8.731,7.034,0.197,1534.035,4.99,36.601,-116.683,5.0
1.397,19.93,5.212,0.173,3949.852,1.634,32.736,-121.155,5.0
2.234,46.52,7.742,0.584,1802.604,2.378,35.421,-119.421,5.0
3.563,6.839,6.54,0.222,947.939,3.373,41.066,-123.616,5.0
5.111,7.343,3.578,0.296,1517.579,1.647,40.679,-117.47,5.0
3.658,24.358,12.541,0.209,1717.948,4.692,35.296,-120.042,5.0
2.297,19.213,8.418,0.001,1687.066,1.67,36.326,-123.173,5.0
2.782,46.663,7.271,0.061,1696.295,7.211,33.19,-115.83,5.0
2.116,27.146,7.215,0.116,1452.79,2.209,41.465,-123.908,5.0
3.637,40.474,5.319,0.608,1751.57,2.948,33.452,-118.485,5.0
10.315,12.64,7.975,0.034,3479.873,4.965,33.742,-119.916,5.0
2.308,9.298,6.445,0.109,1725.904,3.165,35.076,-122.196,5.0
5.064,31.785,10.538,0.142,3178.934,5.255,32.539,-119.895,5.0
2.9,10.356,4.34,0.281,3123.77,1.667,37.131,-123.848,5.0
3.396,10.142,6.183,0.251,1821.584,4.331,32.991,-119.46,5.0
0.354,19.372,8.069,0.043,1380.234,1.85,35.763,-120.366,4.083
8.205,3.608,3.21,0.408,2735.039,3.492,41.441,-117.505,5.0
3.974,21.224,6.462,0.086,2360.966,4.279,41.415,-120.293,5.0
5.932,32.74,6.738,0.073,1681.927,1.988,40.414,-116.716,5.0
1.933,44.797,5.482,0.002,749.452,2.448,34.299,-116.13,5.0
6.303,38.837,3.915,0.554,2562.968,2.684,40.766,-123.937,5.0
0.889,44.142,2.988,0.137,4015.773,4.172,33.191,-122.16,4.18
9.23,19.208,5.59,0.011,4267.43,2.249,38.708,-120.028,5.0
0.381,45.13,2.96,0.014,802.223,0.909,33.737,-116.51,2.197
4.605,38.08,5.902,0.27,1829.694,3.078,38.093,-115.111,5.0
8.023,39.698,6.594,0.306,1413.874,2.168,38.622,-118.414,5.0
5.305,41.422,3.665,0.157,1918.365,5.43,35.699,-123.582,5.0
5.515,13.577,6.004,0.656,1956.536,1.423,34.543,-118.778,5.0
3.998,12.173,4.307,0.208,526.285,1.713,33.086,-115.691,5.0
3.533,35.308,6.265,0.091,2174.178,4.157,41.876,-117.173,5.0
3.245,7.848,5.712,0.027,1105.91,0.195,35.537,-117.112,5.0
3.212,34.488,4.006,0.071,1205.802,1.926,33.65,-118.697,5.0
4.857,1.069,3.014,0.156,2675.51,5.854,38.576,-122.135,5.0
4.705,19.363,8.205,0.038,3105.417,4.574,38.463,-119.974,5.0
5.676,22.524,11.74,0.004,1198.452,2.209,38.292,-114.528,5.0
2.198,22.366,6.453,0.419,3090.326,1.666,36.146,-121.974,5.0
1.395,44.2,5.984,0.231,3191.501,2.22,39.952,-114.821,5.0
6.458,18.79,2.772,0.015,1526.899,1.016,39.189,-114.521,5.0
0.752,4.718,6.015,0.108,1084.408,1.854,36.912,-118.677,5.0
0.527,49.489,4.729,0.018,1279.245,1.559,35.726,-122.286,2.388
2.684,1.223,3.516,0.036,1732.811,2.099,38.924,-122.432,5.0
9.58,31.123,4.665,0.082,1825.982,2.626,34.183,-118.713,5.0
3.425,27.651,7.719,0.113,3598.194,2.198,33.452,-119.712,5.0
2.765,32.15,7.936,0.258,4155.465,5.055,34.896,-120.532,5.0
2.031,51.686,4.733,0.062,1394.92,0.167,40.423,-118.17,5.0
9.371,49.797,2.55,0.209,3589.415,3.99,36.069,-119.619,5.0
1.944,24.443,3.498,0.144,3493.249,2.129,39.409,-114.381,5.0
7.319,2.916,6.496,0.165,2923.991,1.293,32.711,-120.708,5.0
4.482,39.991,5.922,0.346,3421.46,1.07,34.798,-120.334,5.0
9.042,30.729,1.239,0.175,2019.081,5.667,37.355,-120.876,5.0
2.091,42.674,5.317,0.026,3384.633,2.699,39.698,-119.025,5.0
4.274,44.543,6.974,0.081,1397.19,0.59,40.952,-121.393,5.0
3.084,5.865,8.628,0.027,1894.95,4.728,41.308,-115.941,5.0
5.257,27.352,4.897,0.417,1956.521,5.948,38.423,-121.969,5.0
3.532,41.369,6.049,0.091,4163.167,3.052,34.891,-116.68,5.0
9.334,30.604,2.012,0.087,2540.199,1.591,41.479,-122.29,5.0
3.549,4.486,4.088,0.426,496.602,7.165,37.824,-114.763,5.0
3.989,1.075,2.593,0.029,1006.87,1.383,37.835,-115.327,5.0
10.125,19.006,5.243,0.144,1845.061,2.532,35.28,-116.819,5.0
3.87,15.407,4.564,0.037,846.47,7.4,39.284,-115.068,5.0
8.92,21.152,10.052,0.228,3300.071,4.428,33.654,-120.038,5.0
7.791,28.627,4.386,0.02,2180.466,9.011,37.334,-117.503,5.0
5.214,11.746,9.031,0.339,2253.945,3.375,39.755,-118.299,5.0
1.659,50.319,9.346,0.034,1355.097,2.053,33.64,-122.221,5.0
0.708,14.272,4.732,0.013,2829.687,2.339,35.898,-117.889,3.827
5.012,24.548,7.18,0.173,1607.454,3.78,40.004,-118.188,5.0
2.348,3.67,6.027,0.016,1319.174,1.347,33.16,-120.26,5.0
2.158,28.078,3.776,0.018,3075.984,2.283,36.434,-116.514,5.0
4.044,32.241,4.871,0.019,2850.434,2.754,39.766,-122.342,5.0
1.741,9.51,5.078,0.012,1998.495,3.136,35.375,-120.19,5.0
1.864,12.263,3.629,0.016,1693.931,2.576,34.329,-116.185,5.0
7.435,9.43,3.805,0.049,921.776,5.129,38.461,-120.871,5.0
3.249,38.668,3.853,0.084,1046.949,3.635,38.144,-121.748,5.0
4.149,47.748,3.96,0.198,2674.772,0.756,41.022,-116.539,5.0
3.138,22.957,5.111,0.275,3186.437,2.574,38.317,-116.666,5.0
9.912,27.471,10.356,0.327,1669.816,6.333,35.002,-116.509,5.0
1.918,49.269,3.407,0.196,3237.977,2.35,36.661,-118.473,5.0
5.171,41.045,6.145,0.772,1033.921,2.992,39.993,-119.788,5.0
2.596,22.096,5.539,0.132,793.57,1.475,40.306,-117.926,5.0
1.692,34.267,7.952,0.266,908.673,3.954,34.694,-123.272,5.0
0.175,41.165,6.505,1.505,901.634,8.148,33.222,-123.577,1.393
3.514,29.491,4.906,0.181,734.317,6.676,40.824,-115.318,5.0
6.126,17.13,3.269,0.176,1652.199,1.638,34.073,-116.912,5.0
8.287,44.01,7.348,0.002,758.013,1.638,32.769,-114.857,5.0
6.763,39.166,4.375,0.043,4478.379,2.127,37.705,-117.764,5.0
3.787,38.352,6.388,0.093,4271.587,1.22,37.718,-120.287,5.0
8.784,43.627,5.47,0.105,5696.165,1.779,37.338,-121.046,5.0
3.432,11.439,2.01,0.041,2126.511,2.033,32.906,-116.8,5.0
5.749,45.67,7.909,0.011,1686.33,0.923,38.523,-118.843,5.0
5.906,36.317,7.102,0.174,2042.144,2.594,34.125,-115.744,5.0
2.989,11.001,5.806,0.239,2411.58,7.166,38.885,-122.76,5.0
0.86,46.401,9.759,0.035,1316.925,3.393,36.781,-121.733,4.4
2.269,13.668,5.874,0.062,3577.991,4.522,37.981,-115.631,5.0
5.175,37.416,10.107,0.217,996.738,1.002,33.958,-121.966,5.0
1.873,47.288,3.769,0.229,2911.924,1.217,38.272,-118.367,5.0
2.004,15.085,7.722,0.131,1037.757,1.216,39.398,-120.557,5.0
1.326,16.419,1.969,0.318,820.89,1.732,39.906,-122.145,5.0
5.249,23.723,4.849,0.136,2467.659,2.905,32.657,-117.366,5.0
2.835,16.353,3.664,0.151,1255.941,5.183,39.692,-120.095,5.0
2.235,44.607,3.169,0.029,1200.631,2.977,40.651,-122.929,5.0
4.851,34.414,6.566,0.132,2375.595,1.68,38.423,-120.023,5.0
4.871,23.767,4.658,0.028,3229.607,3.601,35.93,-122.206,5.0
2.125,40.278,10.359,0.003,1912.957,3.347,39.924,-118.355,5.0
2.957,23.646,5.559,0.154,1813.068,7.341,36.705,-116.463,5.0
2.057,40.799,3.667,0.032,2722.833,2.085,35.694,-120.423,5.0
0.33,50.138,7.895,0.045,3047.184,2.395,40.179,-120.443,3.948
1.163,34.712,5.916,0.103,1401.822,3.121,35.954,-123.72,5.0
6.177,39.986,4.539,0.155,1084.559,3.833,37.794,-117.956,5.0
9.378,16.125,4.044,0.033,1679.779,2.485,34.342,-121.322,5.0
1.05,8.099,10.844,0.213,521.187,5.583,35.48,-116.399,5.0
0.334,11.16,5.008,0.032,1342.52,3.655,37.072,-122.123,3.816
6.311,10.957,2.647,0.21,1903.383,1.56,36.814,-120.775,5.0
7.428,49.182,4.521,0.156,3631.295,3.799,39.358,-123.446,5.0
3.032,45.397,4.903,1.309,2897.448,3.4,39.995,-114.712,5.0
10.688,20.985,4.944,0.058,4072.587,2.508,38.868,-117.267,5.0
10.749,45.888,7.349,0.055,2198.269,4.407,33.295,-117.767,5.0
7.098,36.809,2.444,0.048,881.313,2.192,41.958,-118.482,5.0
2.482,28.494,9.089,0.362,2144.625,3.069,34.941,-118.024,5.0
5.293,43.541,6.798,0.344,4098.045,2.732,38.107,-123.583,5.0
2.36,38.786,4.915,0.254,888.019,2.716,37.979,-123.652,5.0
5.733,27.345,6.185,0.743,2050.753,6.112,39.737,-121.988,5.0
3.238,50.309,6.934,0.239,1611.76,1.463,39.417,-121.796,5.0
4.897,39.181,3.339,0.134,2997.346,4.321,41.986,-121.377,5.0
3.765,21.584,8.763,0.193,1527.278,1.847,41.236,-123.135,5.0
3.06,43.203,8.125,0.032,1401.506,4.119,41.363,-123.799,5.0
5.095,32.938,4.716,0.226,1538.016,2.603,33.589,-123.174,5.0
6.539,1.509,4.505,0.031,2915.018,4.154,41.628,-121.482,5.0
8.327,10.695,1.562,0.078,942.086,3.506,32.701,-123.27,5.0
8.73,41.932,7.363,0.809,1794.082,4.567,40.512,-120.649,5.0
5.695,37.365,6.369,0.522,675.852,1.553,37.664,-120.542,5.0
2.66,44.946,5.284,0.095,1673.831,8.136,41.392,-124.065,5.0
1.419,34.99,10.53,0.115,1604.794,2.802,40.449,-118.899,5.0
3.381,43.978,13.018,0.056,1861.656,5.118,39.731,-122.037,5.0
4.709,15.959,6.829,0.167,1933.645,1.649,40.205,-123.289,5.0
5.556,38.563,5.46,0.123,1299.761,2.614,41.937,-119.856,5.0
1.994,11.935,9.765,0.138,2752.306,9.207,41.495,-124.053,5.0
1.512,45.732,4.627,0.115,2514.058,1.966,32.542,-115.751,5.0
5.605,12.439,8.614,0.206,3626.765,2.414,38.832,-118.873,5.0
2.569,44.126,5.771,0.197,3079.614,1.96,40.805,-123.77,5.0
2.727,36.758,5.07,0.125,1889.866,4.069,40.406,-120.092,5.0
4.158,35.612,7.28,0.285,870.614,5.285,36.606,-119.389,5.0
2.512,50.627,6.362,0.702,1663.172,1.704,33.71,-122.517,5.0
2.057,3.562,2.175,0.199,1781.386,3.179,41.804,-115.435,5.0
2.782,26.634,5.645,0.063,2725.465,2.693,37.667,-123.311,5.0
0.481,18.753,2.524,0.346,698.216,5.44,40.998,-116.734,3.433
1.677,43.162,6.208,0.214,2870.47,2.006,34.378,-118.405,5.0
3.145,45.559,10.263,0.283,741.563,4.344,41.194,-119.447,5.0
4.825,18.037,10.445,0.606,1609.478,4.268,33.555,-123.46,5.0
7.268,21.298,8.999,0.038,2472.893,2.995,40.792,-123.547,5.0
3.28,21.152,5.903,0.956,1868.776,1.988,35.47,-122.417,5.0
3.174,4.367,4.498,0.203,2596.999,1.781,37.537,-120.633,5.0
1.51,32.956,2.23,0.217,1523.253,2.796,35.182,-119.739,5.0
3.975,49.855,3.31,0.112,2789.359,3.658,36.121,-122.147,5.0
8.671,18.64,3.258,0.205,1789.397,4.86,41.002,-120.586,5.0
4.475,14.194,4.29,0.151,1195.968,6.048,34.002,-114.477,5.0
3.945,37.298,6.471,0.081,3433.956,2.809,40.654,-121.638,5.0
5.283,47.896,3.226,0.514,1685.696,1.419,38.542,-115.53,5.0
10.079,25.293,3.92,0.01,2747.496,1.063,34.064,-121.815,5.0
1.59,35.533,6.414,0.136,2636.619,3.953,33.818,-121.003,5.0
3.367,46.395,6.886,0.067,1096.233,2.482,39.404,-116.532,5.0
3.867,35.381,9.513,0.255,3155.822,2.249,35.104,-115.704,5.0
5.255,36.518,5.773,0.051,7712.907,2.913,40.291,-119.936,5.0
2.619,20.576,2.698,0.344,675.133,2.907,41.197,-124.174,5.0
1.377,14.978,6.187,0.37,3098.983,2.799,34.065,-120.545,5.0
4.166,6.231,8.961,0.517,1094.905,1.782,40.703,-115.153,5.0
2.18,26.52,8.579,0.056,350.477,1.246,33.84,-114.436,5.0
3.108,4.96,3.26,0.263,1211.829,3.521,41.293,-123.178,5.0
1.602,43.013,6.086,0.076,3242.564,5.206,33.718,-121.188,5.0
1.585,36.038,6.81,0.021,1513.197,1.291,36.287,-118.879,5.0
3.388,37.829,4.65,0.056,432.735,0.584,40.78,-117.681,5.0
1.846,41.98,3.782,0.034,990.373,4.418,33.238,-123.055,5.0
1.69,14.811,9.143,0.08,1293.697,1.995,33.454,-115.213,5.0
4.235,23.071,5.461,0.258,2246.075,4.341,33.029,-119.124,5.0
9.555,40.072,4.903,0.528,602.912,2.818,36.459,-115.499,5.0
3.834,40.943,5.026,0.133,1229.288,1.325,41.048,-117.913,5.0
6.349,1.785,3.344,0.122,1162.222,1.567,41.563,-115.369,5.0
1.92,26.657,2.228,0.177,1476.493,4.621,32.737,-124.146,5.0
9.806,16.981,4.32,0.493,2373.803,3.911,37.084,-116.371,5.0
9.273,11.561,5.335,0.362,2200.536,1.353,39.499,-122.568,5.0
5.188,18.198,3.34,0.464,1251.449,5.882,35.612,-123.251,5.0
3.452,49.752,3.435,0.494,1234.534,4.038,33.752,-118.308,5.0
4.711,21.891,3.877,0.039,1769.116,2.122,37.852,-115.0,5.0
4.668,32.11,1.359,0.181,2087.157,1.285,33.725,-117.566,5.0
3.994,31.062,5.329,0.198,1793.913,1.016,36.945,-122.616,5.0
5.902,33.456,7.935,0.182,1820.625,2.046,37.137,-121.372,5.0
2.182,36.897,4.508,0.05,4665.319,1.642,40.903,-124.135,5.0
8.471,36.391,6.242,0.185,2290.264,3.346,34.505,-117.281,5.0
2.758,9.161,10.261,0.104,2148.027,4.913,38.083,-120.025,5.0
7.741,42.367,6.289,0.061,1293.18,2.363,41.219,-122.743,5.0
7.812,3.963,10.667,0.009,1289.685,5.82,41.478,-117.501,5.0
12.085,16.501,5.246,0.31,2862.598,2.605,38.942,-119.486,5.0
1.918,15.498,3.202,0.06,1437.019,2.686,34.518,-118.787,5.0
0.432,2.873,5.239,0.208,1502.301,0.97,34.483,-116.768,4.215
2.668,35.295,5.422,0.548,368.862,1.242,36.804,-121.929,5.0
4.92,8.896,4.397,0.691,2103.319,4.524,37.717,-115.455,5.0
2.794,10.616,4.735,0.083,1626.007,1.771,37.707,-123.692,5.0
7.312,1.986,12.224,0.104,3945.711,2.207,37.866,-118.99,5.0
3.689,40.353,5.582,0.083,3723.498,3.461,36.907,-115.086,5.0
0.713,27.648,6.737,0.047,1915.458,5.051,41.875,-119.622,5.0
2.28,15.011,3.879,0.719,1846.241,2.758,33.361,-117.271,5.0
2.434,18.711,21.093,0.345,1798.524,2.558,32.944,-118.426,5.0
3.347,19.294,8.515,0.071,3738.858,0.627,38.315,-115.587,5.0
2.822,11.163,9.396,0.107,1522.904,1.651,36.221,-120.86,5.0
0.634,36.558,6.109,0.303,1385.056,3.684,38.739,-118.79,4.759
3.732,27.454,6.984,0.257,1519.792,0.885,32.605,-115.399,5.0
1.327,14.712,5.535,0.125,3138.365,1.004,34.501,-114.71,5.0
3.046,51.185,4.124,0.475,1747.51,1.501,37.711,-120.855,5.0
5.055,16.06,6.725,0.02,750.824,5.219,37.324,-114.751,5.0
2.92,1.424,6.143,0.008,487.9,6.196,34.949,-118.057,5.0
5.802,13.801,5.142,0.324,2920.043,3.237,39.106,-116.862,5.0
3.36,35.245,6.84,0.117,901.635,2.289,39.072,-115.427,5.0
4.94,1.391,7.274,0.345,3020.778,2.24,37.573,-118.16,5.0
0.752,31.895,6.541,0.493,2480.095,2.23,35.35,-120.392,4.901
6.665,33.107,4.342,0.221,1966.509,3.265,33.057,-117.245,5.0
11.987,1.73,4.24,0.036,1494.233,2.168,36.501,-121.612,5.0
0.121,14.695,5.876,0.011,1668.594,2.344,33.435,-120.036,3.384
2.331,31.888,8.092,0.369,1127.329,3.019,38.152,-123.636,5.0
4.955,25.253,5.216,0.235,2274.779,4.707,40.662,-116.368,5.0
4.294,8.272,5.521,0.381,672.672,1.629,36.664,-123.302,5.0
3.214,7.521,8.599,0.037,2348.115,4.301,32.579,-117.123,5.0
6.834,4.519,8.488,0.072,2874.289,4.645,36.293,-117.733,5.0
4.113,25.934,4.416,0.23,1955.387,4.836,40.451,-115.179,5.0
6.342,34.039,10.591,0.031,1676.91,1.977,40.687,-121.216,5.0
0.955,4.861,6.474,0.041,1777.958,2.241,35.297,-123.677,5.0
1.774,45.966,8.701,0.474,2735.497,1.606,41.841,-118.695,5.0
3.854,35.375,7.17,0.168,2722.233,8.151,38.532,-118.835,5.0
5.303,13.626,3.548,0.116,2791.519,0.995,33.978,-119.116,5.0
0.951,6.228,2.023,0.042,5990.751,1.969,37.398,-123.288,4.928
5.103,31.272,6.875,0.037,2098.155,2.67,35.876,-120.834,5.0
4.802,37.896,5.744,0.117,576.344,1.576,38.867,-120.48,5.0
6.362,16.778,7.954,0.062,794.267,6.241,38.405,-118.412,5.0
0.707,26.787,6.475,0.209,3737.038,5.337,36.569,-118.286,4.098
2.251,20.864,6.898,0.121,1189.654,2.691,32.986,-121.56,5.0
0.964,33.246,7.42,0.094,3054.219,2.33,33.655,-124.19,5.0
0.831,18.465,9.656,0.044,3997.528,1.523,41.497,-114.599,5.0
2.262,1.281,2.271,0.014,1438.354,0.581,35.626,-120.862,5.0
2.168,51.736,5.789,0.133,828.311,1.172,35.339,-116.362,5.0
2.243,42.881,7.211,0.213,1139.266,1.415,40.435,-116.243,5.0
3.283,46.679,11.685,0.221,1803.322,2.246,36.903,-122.275,5.0
0.849,35.316,9.53,0.413,2591.723,3.74,40.8,-117.371,5.0
5.422,14.237,3.825,0.596,1743.77,3.699,40.054,-117.75,5.0
4.942,20.406,6.332,0.319,857.383,3.47,32.617,-115.76,5.0
2.31,37.094,5.405,0.054,2242.744,1.739,35.757,-118.549,5.0
2.143,37.061,6.437,0.185,1791.188,2.315,38.46,-123.809,5.0
0.541,5.139,8.049,0.012,2209.821,2.021,35.42,-115.624,4.913
2.623,49.563,9.37,0.325,1439.588,4.372,32.787,-119.487,5.0
3.366,49.758,6.156,0.211,2515.324,2.074,36.614,-121.452,5.0
2.011,48.519,6.826,0.09,2870.079,3.372,41.434,-117.656,5.0
12.582,50.216,10.548,0.108,4745.699,5.541,36.453,-123.734,5.0
1.789,16.29,4.505,0.123,1834.396,2.618,38.806,-121.664,5.0
6.127,49.953,3.631,0.142,1560.134,1.479,35.322,-115.21,5.0
3.624,40.873,8.419,0.176,1967.4,3.553,40.621,-122.723,5.0
1.719,23.397,5.892,0.003,2680.087,3.715,36.936,-117.153,5.0
2.615,7.706,6.668,0.014,4128.011,5.378,41.907,-117.159,5.0
5.628,6.977,7.448,0.162,1106.033,2.295,41.752,-118.782,5.0
2.942,19.86,6.588,0.446,3234.637,1.862,34.554,-117.818,5.0
2.597,8.495,6.722,0.019,960.172,2.322,32.856,-122.946,5.0
1.454,8.285,6.869,0.521,3187.983,0.905,41.27,-124.077,5.0
1.636,38.887,4.34,0.101,1973.99,2.003,36.573,-114.495,5.0
1.34,10.142,5.214,0.02,295.54,3.13,41.151,-120.958,5.0
5.516,28.992,8.401,0.113,1408.701,4.721,37.161,-116.749,5.0
7.968,47.382,7.998,0.232,863.111,3.049,36.139,-120.888,5.0
11.968,19.043,5.078,0.334,3241.661,1.573,36.652,-123.975,5.0
3.71,33.143,6.266,0.291,1569.068,1.629,36.302,-118.479,5.0
1.988,44.026,7.401,0.375,2011.199,2.252,38.014,-122.502,5.0
4.374,11.519,2.037,0.016,857.147,4.388,41.896,-118.652,5.0
7.611,23.64,4.135,0.024,4126.609,0.727,37.273,-121.251,5.0
1.358,2.985,5.017,0.004,1561.859,1.64,39.579,-116.015,5.0
6.997,36.296,4.265,0.002,3058.818,2.887,35.059,-122.585,5.0
6.773,29.239,2.009,0.072,1306.844,1.822,33.528,-118.155,5.0
9.609,3.635,3.419,0.736,2365.901,1.287,37.554,-116.297,5.0
3.838,31.75,3.422,0.022,920.285,3.956,36.612,-114.858,5.0
0.939,36.76,3.863,0.157,780.954,1.922,33.451,-117.734,4.272
0.9,28.868,2.894,0.381,1968.318,2.066,37.853,-120.958,4.064
2.537,10.148,3.904,0.172,1762.528,1.857,41.302,-118.773,5.0
4.517,36.109,5.256,0.243,2485.996,5.064,35.109,-116.065,5.0
3.397,11.224,7.595,0.104,1773.137,0.606,41.216,-115.182,5.0
1.898,41.096,8.939,0.018,1159.197,8.065,40.924,-119.75,5.0
3.97,44.736,7.301,0.658,1520.613,2.723,39.32,-116.514,5.0
3.737,40.419,7.519,0.01,1617.483,2.06,39.667,-122.998,5.0
4.474,16.905,2.998,0.068,2361.417,3.323,37.207,-123.705,5.0
0.392,15.092,4.361,0.222,1196.566,9.502,39.685,-118.338,2.736
1.926,23.267,5.123,0.09,1959.823,2.766,36.769,-121.714,5.0
5.408,14.638,2.02,0.211,2050.475,3.067,34.263,-117.123,5.0
0.879,43.203,4.455,0.853,739.981,2.902,41.26,-122.832,4.336
1.574,2.298,4.024,0.634,1657.157,2.401,34.442,-120.668,5.0
1.93,4.036,7.168,0.119,1055.411,2.687,36.201,-116.375,5.0
0.362,46.309,4.478,0.452,1339.715,3.146,34.533,-120.471,2.657
4.763,43.609,8.712,0.294,1156.802,4.311,39.379,-122.955,5.0
4.488,31.995,6.966,0.386,3093.977,1.817,34.989,-121.286,5.0
2.079,51.03,3.35,0.565,1207.872,2.607,33.767,-122.184,5.0
7.444,40.812,7.861,0.086,1570.691,1.307,39.397,-121.929,5.0
7.772,43.763,9.548,0.08,2883.504,1.421,35.511,-123.868,5.0
3.071,4.521,6.684,0.684,2777.498,3.176,35.803,-114.349,5.0
1.991,36.0,5.37,1.19,1551.0,2.71,34.03,-118.28,1.391
5.201,19.201,1.226,0.062,2161.404,6.181,40.203,-121.554,5.0
3.044,51.634,3.547,0.149,1389.492,3.384,38.877,-123.573,5.0
5.21,39.12,5.488,0.015,1322.755,1.022,36.158,-121.526,5.0
7.434,21.053,9.203,0.06,3285.924,4.859,36.253,-119.95,5.0
9.157,43.252,6.805,0.199,2928.094,1.21,36.799,-119.019,5.0
5.008,46.322,4.856,0.004,1002.408,2.283,38.408,-116.483,5.0
2.874,22.335,5.811,0.149,3335.87,4.73,41.761,-121.585,5.0
1.408,19.288,5.668,0.143,1775.457,2.613,35.458,-123.716,5.0
4.723,40.043,9.876,0.044,1507.834,2.736,33.548,-118.187,5.0
0.714,7.717,10.585,0.527,2386.559,1.275,39.998,-119.086,5.0
2.473,16.8,3.447,0.085,1294.484,2.403,38.678,-114.312,5.0
5.55,34.586,8.898,0.174,1543.378,3.835,33.636,-117.751,5.0
0.695,42.355,9.003,0.134,2975.826,2.117,41.142,-122.167,4.015
3.537,33.664,5.019,0.382,1525.151,0.425,40.401,-124.239,5.0
0.713,1.506,6.875,0.349,3089.917,1.662,40.763,-117.518,5.0
1.918,17.012,4.339,0.062,2522.327,2.269,38.811,-123.343,5.0
1.286,26.898,5.555,0.123,1228.841,3.65,35.089,-122.475,5.0
12.156,22.554,5.381,0.034,1327.728,2.644,36.584,-119.751,5.0
4.566,6.995,5.451,0.106,2228.256,2.558,35.245,-124.259,5.0
1.847,22.864,4.988,0.039,1499.922,2.093,41.063,-114.941,5.0
1.401,49.283,6.153,0.168,1934.261,1.917,35.674,-119.021,5.0
6.575,28.013,10.738,0.035,642.249,0.958,38.33,-117.081,5.0
9.553,37.641,5.314,0.139,1421.922,5.743,40.026,-119.619,5.0
1.807,46.904,2.769,0.166,1374.012,3.901,32.606,-115.388,5.0
7.01,15.751,6.4,0.088,3169.868,2.938,32.902,-121.736,5.0
15.262,42.972,4.01,0.144,1276.546,2.303,33.26,-124.128,5.0
3.861,1.102,7.674,0.676,1333.666,3.02,37.879,-114.611,5.0
3.407,3.886,6.217,0.117,2544.837,1.94,35.701,-120.55,5.0
1.062,30.772,3.648,0.296,2577.579,2.442,32.992,-121.063,5.0
2.282,5.554,8.092,0.094,2301.11,0.834,33.007,-117.744,5.0
6.859,12.494,4.76,0.158,2397.91,2.922,34.77,-123.95,5.0
8.613,17.197,2.436,0.046,1656.973,3.122,36.614,-120.997,5.0
1.618,32.654,7.46,0.169,3099.66,1.661,34.064,-120.874,5.0
5.538,4.657,5.592,0.249,971.326,3.214,33.355,-123.523,5.0
6.458,4.491,3.438,0.097,2324.671,5.315,41.803,-122.488,5.0
3.235,26.853,5.514,0.093,2352.421,4.482,40.197,-120.567,5.0
13.593,2.191,5.039,0.828,2394.015,0.41,35.52,-120.197,5.0
11.039,26.506,8.414,0.041,1226.621,2.447,36.994,-120.991,5.0
3.008,45.368,8.259,0.023,1996.299,5.256,41.54,-116.18,5.0
5.317,21.88,5.842,0.059,642.59,2.723,40.472,-115.554,5.0
1.833,16.278,7.088,0.318,2886.851,2.514,38.9,-118.364,5.0
1.927,47.212,8.616,0.077,6084.778,2.384,37.678,-118.156,5.0
5.565,6.687,3.701,0.195,2040.107,4.731,37.708,-117.871,5.0
2.789,18.371,4.441,0.036,3814.213,1.381,33.924,-115.06,5.0
6.043,45.896,3.38,0.008,1675.473,1.75,33.833,-114.444,5.0
3.302,15.064,8.385,0.112,1700.932,0.992,36.231,-117.739,5.0
1.991,33.969,6.1,0.138,716.57,3.968,36.435,-122.215,5.0
3.456,42.026,2.765,0.021,1202.14,5.095,39.985,-116.025,5.0
5.156,24.669,3.444,0.313,1691.651,5.091,36.604,-115.278,5.0
0.898,5.695,2.145,0.124,1558.364,1.52,37.873,-116.125,3.333
10.778,19.791,6.51,0.012,3226.507,2.767,38.431,-117.913,5.0
3.66,49.594,7.102,0.291,2573.395,1.698,37.998,-122.357,5.0
2.542,23.4,7.498,0.135,4209.333,6.364,32.728,-115.906,5.0
5.833,9.184,6.662,0.368,531.922,2.895,36.806,-115.904,5.0
1.041,12.113,5.477,0.031,1093.638,4.635,38.24,-118.285,5.0
3.129,34.815,7.964,0.305,913.163,2.305,40.773,-116.31,5.0
2.154,14.647,3.714,0.092,1045.978,3.461,34.213,-119.436,5.0
2.145,9.134,5.518,0.16,1193.158,7.242,40.522,-114.764,5.0
3.294,50.395,9.568,0.154,1817.845,2.821,40.773,-120.716,5.0
0.942,19.001,4.443,0.031,580.265,1.653,32.501,-119.414,4.213
1.745,21.029,11.381,0.146,1124.309,6.275,35.569,-117.556,5.0
2.642,45.144,4.415,0.006,3941.972,1.609,41.823,-120.746,5.0
2.986,16.449,4.829,0.056,2913.076,4.375,38.595,-120.708,5.0
0.828,26.66,2.689,0.15,1496.696,3.1,36.443,-115.676,4.989
5.135,50.999,7.045,0.065,3977.846,2.098,37.04,-116.169,5.0
1.298,21.351,7.692,0.355,1831.693,3.247,35.443,-116.062,5.0
6.056,43.733,9.878,0.195,522.342,3.695,40.816,-118.046,5.0
3.536,1.001,5.339,0.077,2639.239,9.705,34.775,-122.515,5.0
10.076,38.369,2.793,0.428,1083.295,1.519,41.788,-120.465,5.0
6.435,36.932,5.785,0.158,2445.352,1.037,41.897,-119.302,5.0
15.37,31.995,3.753,0.053,1359.328,2.6,36.233,-122.806,5.0
2.61,11.42,8.474,0.438,2279.216,4.38,38.327,-117.617,5.0
3.249,11.043,4.859,0.054,4001.937,1.95,41.988,-124.222,5.0
0.338,25.869,3.862,0.247,2207.434,1.986,35.401,-123.289,2.128
1.919,23.155,3.281,0.006,1197.448,3.526,40.676,-117.214,5.0
6.861,2.203,9.87,0.14,1967.25,3.46,38.948,-117.132,5.0
7.442,28.875,8.328,0.6,2993.62,1.825,35.061,-120.846,5.0
2.739,20.102,2.722,0.36,2216.811,1.591,35.094,-114.483,5.0
3.659,26.309,4.767,0.036,1947.48,3.659,34.14,-121.593,5.0
0.307,4.185,3.689,0.343,1863.65,1.567,36.542,-121.171,2.57
3.263,34.115,5.697,0.427,2433.011,4.487,33.074,-124.265,5.0
6.966,48.98,8.007,0.057,1313.024,5.056,37.325,-115.93,5.0
2.563,48.579,6.846,0.026,515.15,2.664,35.441,-119.173,5.0
7.032,19.804,6.406,0.191,959.711,4.527,32.67,-115.878,5.0
1.466,36.12,6.351,0.164,848.462,1.99,40.596,-123.635,5.0
0.742,49.526,4.995,0.439,1954.921,3.063,41.417,-120.635,3.544
2.152,46.057,5.853,1.468,2576.574,2.183,39.677,-118.558,5.0
9.209,37.038,6.868,0.782,3177.791,2.6,33.363,-121.474,5.0
5.702,47.971,4.741,0.485,394.744,2.052,40.27,-114.967,5.0
3.459,40.543,3.789,0.198,1593.965,2.602,32.805,-121.852,5.0
14.186,42.141,6.102,0.21,2479.046,3.78,34.638,-116.062,5.0
4.248,26.136,3.635,0.456,729.0,3.248,33.662,-115.487,5.0
4.592,27.265,4.303,0.232,926.911,1.367,39.621,-123.877,5.0
5.029,26.745,4.84,0.37,3457.495,2.859,35.89,-118.055,5.0
4.519,50.268,3.88,0.109,1733.528,2.941,40.892,-117.646,5.0
8.263,38.764,3.67,0.066,3018.342,0.953,34.323,-123.864,5.0
2.902,35.958,7.075,0.075,3411.222,4.13,33.677,-122.626,5.0
2.346,3.786,5.761,0.025,2850.174,0.356,35.407,-120.106,5.0
6.764,12.751,5.417,0.071,2992.143,4.24,35.313,-117.499,5.0
2.795,41.52,5.236,0.106,2980.679,2.999,34.332,-114.44,5.0
1.344,40.146,3.817,0.08,652.054,1.284,37.919,-124.138,5.0
7.17,12.003,8.034,0.066,909.773,3.858,41.062,-123.763,5.0
3.946,30.25,7.061,0.054,1672.971,1.923,40.083,-120.6,5.0
4.844,22.876,4.295,0.79,4162.316,3.703,39.366,-119.044,5.0
4.769,5.724,6.803,0.352,3609.67,1.239,33.402,-119.267,5.0
8.639,20.796,6.851,0.028,2757.326,3.858,37.742,-116.946,5.0
13.305,50.168,4.203,0.028,1143.692,2.504,37.697,-114.378,5.0
4.127,41.45,5.174,0.103,2795.245,1.331,34.162,-119.749,5.0
4.31,44.27,7.772,0.235,1520.963,3.411,38.0,-114.46,5.0
4.835,42.891,8.379,0.176,2591.57,5.001,38.661,-117.033,5.0
0.925,45.171,3.63,0.008,3822.391,1.866,40.349,-121.2,4.804
1.274,12.71,8.506,0.071,1204.405,4.195,33.206,-122.028,5.0
1.666,47.603,5.776,0.544,969.637,3.869,40.033,-121.418,5.0
1.198,15.406,8.575,0.143,1316.492,3.452,32.996,-114.947,5.0
2.858,47.959,10.594,0.287,1614.946,3.851,35.627,-117.927,5.0
4.824,13.908,6.988,0.088,2566.58,2.986,41.181,-114.318,5.0
11.12,10.262,6.467,0.243,1768.579,3.153,34.237,-114.746,5.0
9.111,48.568,10.499,0.565,1355.721,3.01,34.802,-114.823,5.0
4.657,21.29,11.578,0.094,2297.121,4.03,33.91,-122.891,5.0
5.389,9.756,4.747,0.315,2298.614,2.993,33.228,-119.079,5.0
2.735,26.804,7.602,0.155,269.548,2.485,36.4,-115.038,5.0
2.476,14.826,4.582,0.001,1571.268,1.83,40.666,-116.743,5.0
0.866,25.786,4.077,0.17,1584.693,2.43,38.463,-122.179,4.392
8.193,36.319,5.447,0.758,3193.709,2.377,32.604,-117.473,5.0
7.704,43.789,2.909,0.004,2142.668,4.172,41.079,-114.868,5.0
1.023,18.36,4.965,0.226,1937.755,1.635,33.852,-114.713,5.0
3.727,49.129,4.392,0.088,1228.194,1.096,34.713,-118.471,5.0
3.796,36.815,8.619,0.075,2126.259,2.193,38.046,-120.166,5.0
4.405,1.461,2.318,0.271,763.296,4.603,35.624,-117.472,5.0
8.611,3.94,4.504,0.206,789.269,2.977,35.884,-124.217,5.0
3.17,5.001,12.05,0.011,786.116,1.854,36.048,-117.337,5.0
3.242,34.875,4.566,0.077,1988.902,2.087,36.262,-122.529,5.0
3.029,28.455,9.266,0.891,2963.219,2.176,40.552,-122.489,5.0
11.659,28.757,4.825,0.01,2606.844,0.712,39.85,-120.613,5.0
9.006,27.48,6.12,0.493,2090.304,6.203,36.365,-122.252,5.0
6.464,15.669,9.673,0.68,1869.544,2.372,34.559,-116.262,5.0
1.058,22.926,6.261,0.271,1380.955,2.705,36.546,-115.027,5.0
3.675,39.468,7.23,0.062,1682.604,3.233,33.616,-122.624,5.0
7.4,36.074,6.904,0.317,4320.9,5.576,41.904,-114.715,5.0
4.073,15.574,3.884,0.017,5416.582,9.946,38.909,-117.701,5.0
1.148,10.771,5.748,0.067,3350.149,3.711,37.188,-115.263,5.0
8.242,49.302,5.377,0.187,1267.766,1.029,33.387,-122.377,5.0
4.57,50.101,5.153,0.28,2235.836,3.724,32.817,-115.638,5.0
1.034,34.784,6.378,0.044,1188.342,2.799,37.207,-121.711,5.0
4.375,3.865,6.429,0.004,2169.836,1.358,40.83,-123.876,5.0
4.517,24.596,6.474,0.55,2501.002,3.19,40.093,-118.929,5.0
2.717,33.886,2.703,0.001,1380.708,4.642,40.411,-123.513,5.0
1.872,16.958,4.296,0.247,596.694,3.116,34.776,-124.117,5.0
1.701,15.658,9.282,0.312,1273.401,1.806,36.527,-123.291,5.0
3.341,38.632,6.122,0.142,1794.04,1.811,41.192,-115.805,5.0
3.081,2.118,4.59,0.027,1978.007,3.395,35.717,-120.699,5.0
2.937,26.109,3.505,0.059,1515.126,3.198,39.426,-122.773,5.0
3.846,52.0,6.28,1.08,565.0,2.18,37.85,-122.25,3.422
0.781,22.559,7.701,0.089,2310.005,2.016,40.804,-120.424,5.0
7.091,17.59,3.025,0.369,3138.826,1.4,40.273,-121.373,5.0
1.261,13.748,5.934,0.062,424.303,2.647,39.691,-118.508,5.0
8.317,17.942,6.103,0.862,2137.809,1.568,39.096,-122.793,5.0
4.441,38.368,4.934,0.077,2130.23,4.194,34.816,-120.904,5.0
1.0,17.405,8.268,0.257,1789.71,2.092,34.981,-117.078,5.0
1.772,32.869,2.313,0.351,918.549,4.213,38.432,-123.546,5.0
0.7,18.612,3.796,0.403,4593.575,3.797,40.111,-122.565,4.118
4.05,16.622,10.297,0.087,617.86,2.377,37.007,-123.968,5.0
1.736,11.334,7.744,0.224,1310.79,1.888,32.968,-118.142,5.0
2.581,43.474,1.882,0.287,1492.41,2.922,41.399,-119.95,5.0
3.324,13.26,8.652,0.033,1811.353,5.345,40.714,-123.453,5.0
2.485,18.205,5.666,0.588,750.702,1.606,38.266,-118.169,5.0
10.453,3.549,10.146,0.135,2615.659,3.74,35.912,-120.354,5.0
2.597,49.708,7.088,0.027,1737.404,0.836,35.019,-119.803,5.0
0.946,26.878,6.402,0.127,982.469,5.544,39.376,-121.521,5.0
7.476,4.926,6.265,0.056,1577.673,6.313,32.7,-119.105,5.0
4.46,1.701,5.859,0.934,866.82,3.64,34.165,-124.239,5.0
7.307,7.366,4.347,0.097,2763.145,3.519,34.184,-123.658,5.0
6.985,25.765,7.834,0.208,733.023,0.712,41.675,-122.161,5.0
2.635,21.248,9.887,0.35,1980.182,4.165,37.768,-117.489,5.0
2.681,48.283,4.889,0.007,1482.144,3.434,34.763,-118.927,5.0
12.787,44.195,10.097,0.481,1298.057,3.369,34.664,-119.027,5.0
2.811,13.337,11.489,0.241,2736.113,1.749,38.424,-116.193,5.0
5.703,11.472,9.328,0.105,1017.789,1.433,40.319,-115.591,5.0
0.989,42.931,5.119,0.885,3471.151,3.535,33.551,-124.173,4.091
4.203,12.852,8.526,0.003,2581.201,3.493,37.21,-119.466,5.0
2.115,35.555,7.146,0.38,222.71,0.946,32.537,-117.052,5.0
8.337,37.431,9.37,0.099,2568.34,3.838,36.645,-122.853,5.0
2.118,17.097,5.738,0.083,422.148,1.556,39.227,-123.408,5.0
3.871,46.599,3.947,0.134,909.709,8.301,35.562,-117.636,5.0
2.066,3.239,8.88,0.1,3677.532,1.04,35.848,-122.644,5.0
4.848,20.595,5.543,0.18,1980.067,1.065,41.499,-116.66,5.0
6.3,39.31,7.666,0.056,1357.197,2.863,33.845,-118.131,5.0
1.516,33.434,9.643,0.416,1635.848,4.077,33.827,-117.996,5.0
4.784,46.999,1.904,0.505,884.194,1.441,40.784,-114.776,5.0
3.917,19.594,3.597,0.048,1349.981,2.535,35.176,-116.892,5.0
9.988,41.431,5.78,0.327,1181.668,1.934,33.583,-117.762,5.0
4.822,51.04,6.95,0.007,1119.331,1.692,39.037,-121.087,5.0
9.771,38.675,7.969,0.236,4180.836,1.859,35.119,-114.851,5.0
3.105,28.158,3.471,0.361,1503.757,3.174,35.815,-117.752,5.0
3.59,5.089,3.575,0.043,2617.709,2.345,38.781,-114.384,5.0
2.477,23.963,5.156,0.036,2917.885,1.504,41.694,-124.265,5.0
9.299,11.557,4.342,0.733,1848.404,4.661,40.431,-118.828,5.0
6.106,50.018,4.494,0.69,1814.157,2.479,32.72,-115.196,5.0
4.242,22.513,4.83,0.13,985.747,2.72,35.192,-119.197,5.0
4.773,4.888,4.652,0.141,1513.098,6.018,41.869,-120.26,5.0
0.983,44.368,5.777,0.099,966.966,5.998,40.464,-124.288,5.0
2.086,11.267,11.305,0.357,1913.73,4.949,37.875,-123.244,5.0
1.987,50.505,4.394,0.209,1502.569,8.092,38.231,-114.624,5.0
6.074,27.075,4.498,0.255,996.988,5.092,34.819,-118.213,5.0
7.951,35.477,5.71,0.064,1989.57,1.768,37.101,-121.447,5.0
4.357,14.138,4.165,0.443,2269.86,0.873,34.658,-121.145,5.0
10.323,48.75,6.887,0.145,3082.567,3.022,39.617,-123.9,5.0
2.56,6.197,8.071,0.136,1005.539,0.972,36.326,-122.185,5.0
3.269,49.167,4.903,0.301,3213.684,6.346,33.137,-119.362,5.0
9.785,16.799,3.435,0.179,1193.358,1.889,32.698,-122.513,5.0
0.853,13.774,5.212,0.043,1302.159,4.984,35.653,-120.588,4.876
9.863,25.298,7.141,0.035,3446.323,2.871,36.717,-121.98,5.0
5.252,50.483,4.326,0.193,2204.994,3.03,41.749,-119.133,5.0
0.734,51.889,4.791,0.084,2308.834,2.634,37.682,-121.996,4.093
7.652,30.159,3.801,0.165,2961.787,0.17,40.343,-114.717,5.0
3.899,4.856,12.069,0.028,1171.155,2.386,36.164,-115.396,5.0
5.206,49.847,12.976,0.326,3915.534,0.653,40.154,-120.416,5.0
1.76,24.782,7.177,0.078,2397.579,2.771,38.163,-121.885,5.0
0.398,43.83,8.189,0.218,772.049,1.466,34.364,-122.305,3.351
1.169,19.927,4.091,0.494,1239.336,4.002,41.618,-118.645,5.0
4.372,21.785,4.776,0.038,2792.249,1.287,36.069,-118.569,5.0
5.824,41.505,5.138,0.199,1624.379,3.997,40.695,-122.359,5.0
12.363,8.861,9.125,0.042,2574.003,6.879,33.145,-117.103,5.0
4.299,15.733,3.489,0.75,2618.262,1.357,35.783,-117.084,5.0
3.713,1.62,7.481,0.047,903.068,2.525,36.553,-117.637,5.0
1.185,27.309,6.511,0.074,3339.413,0.964,41.555,-115.689,5.0
4.52,23.321,4.139,0.218,1256.18,2.65,35.235,-122.049,5.0
3.55,47.792,3.12,0.088,3093.137,2.565,33.598,-121.202,5.0
4.117,23.113,9.909,0.27,2214.723,3.487,39.642,-121.924,5.0
4.936,14.478,11.945,0.602,1381.861,2.085,40.501,-119.235,5.0
1.808,22.98,6.291,0.041,998.139,3.205,41.067,-118.949,5.0
2.309,49.497,2.824,0.011,1491.804,5.169,36.384,-118.796,5.0
2.974,34.234,5.992,0.674,2484.309,2.331,37.311,-117.089,5.0
8.301,21.0,6.24,0.97,2401.0,2.11,37.86,-122.22,3.585
7.929,1.976,2.088,0.045,956.235,2.914,40.566,-123.237,5.0
3.987,13.917,9.015,0.14,3380.884,2.753,38.213,-114.77,5.0
1.874,19.958,4.775,0.215,3799.405,3.075,38.191,-121.017,5.0
2.861,28.232,8.046,0.012,1549.974,2.323,35.037,-118.797,5.0
2.968,8.589,5.225,0.287,2360.11,3.081,38.177,-121.028,5.0
5.627,26.171,10.753,0.205,2359.777,2.72,40.058,-118.8,5.0
2.113,15.661,6.959,0.008,698.803,4.219,41.804,-114.905,5.0
1.668,49.992,5.242,0.17,735.09,1.022,41.528,-116.94,5.0
1.701,42.165,4.518,0.646,2555.388,1.551,33.94,-120.851,5.0
3.145,3.95,10.002,0.058,447.771,2.909,41.525,-119.592,5.0
1.681,3.457,6.118,0.675,1621.24,1.502,39.53,-116.372,5.0
9.15,38.188,10.23,0.005,2055.525,1.516,35.155,-114.38,5.0
1.349,14.79,11.233,0.125,2777.544,0.948,36.309,-123.659,5.0
4.689,10.468,1.672,0.113,4604.904,4.771,33.408,-117.853,5.0
1.866,47.84,13.11,0.223,2285.931,3.732,39.051,-117.681,5.0
7.244,47.407,6.741,0.2,676.917,2.954,39.976,-122.958,5.0
4.451,34.495,9.857,0.253,1156.461,3.061,35.312,-120.014,5.0
2.263,37.858,2.724,0.029,2997.632,2.491,36.365,-121.692,5.0
2.765,15.315,1.824,0.362,1716.344,3.226,35.585,-118.018,5.0
5.034,27.529,4.135,0.047,2241.452,2.19,35.696,-116.522,5.0
3.653,31.148,4.852,0.007,1506.805,1.945,34.819,-122.544,5.0
3.489,16.06,9.544,0.004,1085.057,3.251,40.589,-118.498,5.0
2.143,6.661,6.467,0.09,2064.141,1.166,34.971,-119.956,5.0
5.76,23.463,1.834,0.11,1362.609,2.434,41.476,-117.458,5.0
7.476,13.667,3.433,0.065,3732.445,5.168,39.86,-119.659,5.0
0.672,24.016,6.097,0.011,1927.935,3.937,36.581,-121.672,4.72
6.122,19.918,6.076,0.103,1861.022,6.918,36.967,-120.164,5.0
6.085,50.827,6.655,0.487,2024.038,4.05,40.839,-120.039,5.0
1.355,33.177,1.163,0.403,1326.707,1.344,39.299,-123.658,4.92
7.323,33.05,7.445,0.018,1451.987,2.563,33.475,-115.446,5.0
2.429,51.041,4.923,0.357,1584.238,1.153,33.203,-121.449,5.0
15.574,32.278,4.845,0.163,1131.57,2.175,35.113,-117.021,5.0
3.046,7.856,9.445,0.667,1223.874,2.099,34.113,-114.893,5.0
0.448,30.433,3.651,0.024,837.406,2.627,34.458,-123.079,3.297
4.843,22.808,7.015,0.256,3031.434,2.516,41.755,-117.546,5.0
10.481,21.015,8.609,0.904,1307.779,1.516,40.635,-122.718,5.0
1.872,22.205,7.512,0.26,752.03,4.915,33.555,-122.07,5.0
3.613,44.683,7.824,0.02,1810.073,3.857,37.565,-121.294,5.0
4.12,12.944,9.052,0.374,822.302,3.904,40.552,-117.95,5.0
3.646,3.012,9.345,0.036,1964.811,3.259,34.193,-119.295,5.0
1.531,16.162,4.015,0.042,3117.518,2.48,39.053,-119.779,5.0
1.608,1.582,9.153,0.102,2287.121,4.455,40.234,-115.459,5.0
6.198,18.605,8.057,0.195,2031.163,2.542,32.974,-122.283,5.0
1.219,42.161,2.962,0.207,2845.459,1.878,32.9,-123.193,4.375
10.445,49.523,5.775,0.316,1189.928,3.353,36.033,-118.908,5.0
2.798,24.268,7.442,0.056,4531.647,0.725,39.878,-115.318,5.0
4.071,14.255,12.98,0.021,1142.995,3.988,33.119,-114.894,5.0
5.52,39.811,9.159,0.242,2800.749,7.095,36.065,-119.73,5.0
6.738,11.214,5.108,0.087,1784.825,1.288,37.523,-124.199,5.0
3.31,20.07,5.064,0.133,2963.491,6.842,35.31,-123.231,5.0
7.84,35.518,6.132,0.797,1636.093,2.282,33.899,-116.863,5.0
4.212,18.282,9.275,0.21,1289.785,3.747,33.317,-120.677,5.0
5.674,42.002,4.349,0.335,1009.476,1.267,33.271,-116.678,5.0
4.665,28.769,6.769,0.121,4477.222,6.586,34.087,-115.345,5.0
6.309,28.612,7.038,0.072,1522.337,4.022,39.231,-122.576,5.0
1.311,4.688,6.162,0.129,2662.111,2.111,40.398,-117.51,5.0
1.122,3.944,2.817,0.011,2253.534,3.85,40.074,-116.557,5.0
2.838,28.694,5.515,0.224,1467.292,5.767,36.333,-122.798,5.0
2.686,35.568,7.562,0.106,2613.899,2.66,33.698,-121.166,5.0
2.568,30.967,4.003,0.013,855.141,1.756,39.096,-121.377,5.0
6.842,31.352,8.722,0.551,1869.512,3.249,34.91,-121.813,5.0
3.782,35.661,3.043,0.022,4853.005,4.221,36.306,-116.836,5.0
0.263,46.485,2.262,0.608,1544.692,1.536,35.29,-122.229,0.609
0.903,18.673,4.339,0.017,1252.09,3.707,41.979,-118.169,4.898
2.754,4.661,5.766,0.11,1889.788,4.694,36.525,-122.037,5.0
8.296,3.164,7.401,0.033,1082.064,0.696,33.501,-118.333,5.0
1.532,51.39,3.906,0.285,3965.308,3.471,40.259,-117.584,5.0
3.374,31.679,4.002,0.093,1699.201,1.616,41.438,-118.375,5.0
9.117,24.172,4.527,0.59,3619.937,1.032,33.173,-114.528,5.0
5.787,41.238,5.492,0.027,2089.698,2.079,35.836,-123.255,5.0
3.479,11.653,7.227,0.224,1590.932,2.815,39.016,-123.755,5.0
2.075,3.231,7.115,0.079,1273.736,5.44,37.347,-114.614,5.0
5.983,51.558,5.435,0.139,3868.009,3.428,35.839,-118.264,5.0
3.562,37.056,3.6,0.133,607.645,3.304,35.488,-121.579,5.0
1.801,39.852,8.823,0.487,2042.343,5.721,39.705,-117.969,5.0
6.39,32.743,3.113,0.384,2376.248,1.938,32.738,-115.206,5.0
4.741,33.482,7.204,0.173,1403.965,5.113,35.013,-123.107,5.0
4.053,40.327,13.88,0.031,823.449,4.986,37.87,-120.101,5.0
1.342,6.509,8.082,0.027,2045.753,7.746,37.115,-118.766,5.0
12.506,36.889,6.62,0.16,1740.81,1.358,35.485,-123.461,5.0
2.361,1.517,8.681,0.115,3860.974,1.586,36.692,-121.016,5.0
10.844,17.262,7.852,0.022,2274.196,3.521,35.621,-116.325,5.0
1.448,21.762,5.447,0.09,1181.494,1.293,39.7,-116.49,5.0
5.474,27.594,6.431,0.111,1245.069,0.936,36.765,-122.691,5.0
1.001,19.959,2.379,0.003,837.188,4.009,39.294,-116.076,4.387
1.868,42.944,7.282,0.391,1396.705,5.543,37.761,-117.621,5.0
